engine_id,cycle,sensor_temp1,sensor_temp2,sensor_pressure,sensor_vibration,sensor_rpm,health_indicator
1,1,521.19,639.84,14.7,0.028,2296.3,99.5
1,2,519.93,645.24,14.75,0.0185,2312.9,99.0
1,3,519.67,639.35,14.6,0.0116,2268.5,98.5
1,4,519.68,637.96,14.63,0.0171,2275.8,98.0
1,5,523.93,640.57,14.57,0.0149,2294.1,97.5
1,6,521.42,638.05,14.67,0.0194,2300.2,97.0
1,7,520.2,647.31,14.57,0.0175,2323.5,96.5
1,8,519.16,642.63,13.99,0.0166,2311.9,96.0
1,9,523.28,642.76,14.56,0.0221,2279.4,95.5
1,10,520.56,641.12,14.92,0.0257,2274.7,95.0
1,11,522.85,641.59,14.41,0.0275,2331.6,94.5
1,12,524.26,640.48,14.53,0.0265,2331.5,94.0
1,13,521.64,642.69,14.3,0.0192,2329.3,93.5
1,14,525.51,643.28,14.94,0.0274,2301.1,93.0
1,15,523.72,648.36,14.64,0.0338,2262.6,92.5
1,16,524.84,644.26,14.57,0.0269,2276.2,92.0
1,17,522.96,645.32,15.11,0.0242,2300.8,91.5
1,18,522.6,647.25,14.78,0.0246,2328.3,91.0
1,19,523.99,647.66,14.48,0.026,2311.2,90.5
1,20,521.07,645.89,14.78,0.028,2315.3,90.0
1,21,521.37,643.99,14.61,0.0244,2317.8,89.5
1,22,525.21,651.16,14.77,0.0301,2320.5,89.0
1,23,520.76,645.67,14.75,0.0415,2319.2,88.5
1,24,525.4,645.9,14.39,0.0353,2339.0,88.0
1,25,526.58,643.52,15.17,0.023,2336.7,87.5
1,26,529.58,643.53,14.59,0.0309,2315.9,87.0
1,27,522.3,646.96,14.45,0.0332,2308.6,86.5
1,28,528.7,644.65,14.68,0.0353,2303.4,86.0
1,29,526.25,651.17,14.31,0.0325,2334.2,85.5
1,30,527.56,643.79,14.4,0.0346,2335.9,85.0
1,31,526.7,648.79,14.61,0.0336,2336.9,84.5
1,32,524.97,653.6,14.96,0.0268,2345.1,84.0
1,33,524.65,650.61,15.18,0.0291,2352.3,83.5
1,34,527.63,650.97,15.41,0.0324,2318.9,83.0
1,35,525.22,646.3,14.83,0.0357,2340.5,82.5
1,36,528.85,649.04,15.3,0.0331,2390.4,82.0
1,37,528.65,646.68,14.55,0.0372,2332.5,81.5
1,38,529.03,650.92,14.86,0.031,2307.7,81.0
1,39,526.91,652.32,14.95,0.0294,2342.5,80.5
1,40,528.77,647.35,14.95,0.0363,2317.1,80.0
1,41,528.92,651.93,15.23,0.0417,2313.4,79.5
1,42,526.52,652.05,15.07,0.0394,2419.1,79.0
1,43,529.74,654.16,15.22,0.0405,2336.7,78.5
1,44,530.32,648.68,14.87,0.0352,2345.6,78.0
1,45,533.63,645.65,15.16,0.0299,2335.6,77.5
1,46,531.38,651.69,14.64,0.0348,2359.6,77.0
1,47,527.94,652.4,14.98,0.0355,2389.9,76.5
1,48,530.87,645.92,15.04,0.0359,2365.0,76.0
1,49,528.21,651.91,15.14,0.0439,2325.0,75.5
1,50,529.33,651.08,14.8,0.0488,2358.1,75.0
1,51,527.68,655.5,15.65,0.0456,2320.6,74.5
1,52,529.43,656.8,14.81,0.043,2367.5,74.0
1,53,528.75,653.07,14.06,0.0361,2347.9,73.5
1,54,528.3,658.4,14.61,0.0394,2356.6,73.0
1,55,533.88,649.44,15.4,0.0421,2335.4,72.5
1,56,532.12,654.6,14.88,0.0427,2348.3,72.0
1,57,531.63,656.24,15.55,0.0366,2399.7,71.5
1,58,527.7,654.04,15.26,0.0446,2345.5,71.0
1,59,531.38,653.27,14.91,0.0478,2366.1,70.5
1,60,530.61,657.7,15.19,0.0481,2372.6,70.0
1,61,530.54,653.57,15.33,0.0475,2360.6,69.5
1,62,532.63,659.33,14.94,0.0475,2358.0,69.0
1,63,532.16,659.05,15.38,0.0493,2389.1,68.5
1,64,532.84,658.05,15.05,0.0472,2361.4,68.0
1,65,533.19,658.04,14.9,0.0565,2344.9,67.5
1,66,530.77,659.97,15.4,0.0495,2378.6,67.0
1,67,533.38,654.06,15.19,0.0434,2386.5,66.5
1,68,533.31,654.52,15.08,0.0493,2356.7,66.0
1,69,532.16,657.98,15.26,0.0451,2359.6,65.5
1,70,534.46,653.16,14.78,0.0444,2365.7,65.0
1,71,534.82,662.18,15.47,0.0476,2370.6,64.5
1,72,532.39,657.94,15.13,0.0504,2355.5,64.0
1,73,535.64,662.85,15.2,0.0512,2386.8,63.5
1,74,534.0,659.17,15.24,0.0501,2358.5,63.0
1,75,535.05,660.24,15.69,0.0548,2418.1,62.5
1,76,533.67,661.62,15.32,0.0613,2359.8,62.0
1,77,533.72,657.45,14.63,0.0482,2361.8,61.5
1,78,535.9,660.53,15.84,0.056,2366.5,61.0
1,79,534.0,661.23,14.89,0.0608,2402.6,60.5
1,80,535.06,654.86,15.71,0.0514,2404.8,60.0
1,81,533.01,658.45,15.31,0.0526,2372.0,59.5
1,82,537.65,657.3,15.28,0.0534,2392.3,59.0
1,83,538.02,657.38,14.87,0.0596,2389.6,58.5
1,84,535.3,665.65,15.37,0.0595,2385.4,58.0
1,85,541.12,666.52,15.28,0.0589,2397.9,57.5
1,86,539.94,658.61,15.57,0.0597,2350.8,57.0
1,87,535.03,655.63,15.29,0.0584,2417.0,56.5
1,88,537.75,666.89,14.97,0.0467,2386.9,56.0
1,89,538.57,662.15,14.77,0.0552,2362.9,55.5
1,90,539.34,663.6,15.12,0.0534,2368.8,55.0
1,91,538.07,665.62,15.11,0.0589,2380.4,54.5
1,92,536.81,662.68,15.11,0.054,2368.0,54.0
1,93,542.53,663.36,15.22,0.0583,2390.8,53.5
1,94,538.36,665.34,15.67,0.0549,2382.5,53.0
1,95,538.45,656.84,15.0,0.0648,2427.9,52.5
1,96,538.7,665.73,15.55,0.0738,2418.4,52.0
1,97,539.14,661.38,14.99,0.0598,2381.9,51.5
1,98,536.76,662.56,15.16,0.0676,2415.6,51.0
1,99,539.78,669.19,15.51,0.0553,2429.5,50.5
1,100,541.08,661.89,15.44,0.0556,2372.3,50.0
1,101,542.05,670.98,15.09,0.0632,2388.0,49.5
1,102,539.43,663.72,15.26,0.061,2385.4,49.0
1,103,541.14,665.6,15.46,0.0567,2391.5,48.5
1,104,542.31,667.5,15.25,0.0621,2419.0,48.0
1,105,537.66,667.88,15.35,0.0649,2389.7,47.5
1,106,537.59,661.62,15.57,0.0637,2387.9,47.0
1,107,542.68,661.77,15.55,0.0567,2394.0,46.5
1,108,541.69,664.42,15.46,0.0682,2396.5,46.0
1,109,543.47,663.86,15.75,0.0708,2359.6,45.5
1,110,540.41,669.23,15.54,0.0659,2397.9,45.0
1,111,542.37,667.28,15.96,0.0657,2417.8,44.5
1,112,541.58,666.54,15.49,0.0668,2403.6,44.0
1,113,543.18,674.48,15.89,0.0636,2437.0,43.5
1,114,541.98,662.39,15.34,0.0562,2407.0,43.0
1,115,543.04,673.78,15.75,0.0649,2431.6,42.5
1,116,538.78,669.71,15.89,0.059,2438.9,42.0
1,117,544.08,668.0,15.86,0.0782,2420.6,41.5
1,118,544.1,668.12,15.43,0.0714,2400.9,41.0
1,119,543.94,668.32,15.83,0.0693,2439.8,40.5
1,120,542.98,669.19,15.41,0.0658,2427.5,40.0
1,121,545.71,667.48,15.97,0.0752,2429.3,39.5
1,122,548.15,668.18,15.35,0.0599,2451.9,39.0
1,123,545.91,670.58,15.81,0.0636,2471.9,38.5
1,124,545.06,671.33,15.96,0.072,2428.5,38.0
1,125,543.42,672.66,16.31,0.0767,2456.9,37.5
1,126,544.18,668.53,15.72,0.0707,2447.9,37.0
1,127,542.02,676.34,15.72,0.0687,2406.8,36.5
1,128,542.29,674.47,15.8,0.0648,2402.1,36.0
1,129,545.13,677.26,15.71,0.0641,2424.1,35.5
1,130,545.45,664.41,15.78,0.0708,2443.9,35.0
1,131,549.9,676.13,15.73,0.0669,2482.5,34.5
1,132,546.52,673.04,15.81,0.0738,2429.1,34.0
1,133,545.45,671.61,15.82,0.0705,2418.7,33.5
1,134,547.01,672.74,16.29,0.0603,2455.8,33.0
1,135,549.49,667.53,15.75,0.0721,2406.8,32.5
1,136,545.64,670.67,16.39,0.0791,2461.4,32.0
1,137,548.84,670.86,15.71,0.0772,2412.6,31.5
1,138,549.03,673.78,15.77,0.0788,2446.9,31.0
1,139,547.08,678.23,15.57,0.0787,2450.9,30.5
1,140,547.38,675.98,15.52,0.0806,2436.3,30.0
1,141,547.15,678.4,15.7,0.0694,2409.9,29.5
1,142,549.61,671.66,16.45,0.0664,2475.9,29.0
1,143,549.02,675.46,15.77,0.0792,2442.2,28.5
1,144,551.01,676.34,15.99,0.0758,2442.9,28.0
1,145,549.62,671.12,15.55,0.0817,2448.4,27.5
1,146,548.83,676.56,16.06,0.0757,2430.4,27.0
1,147,549.79,673.81,16.09,0.0703,2467.6,26.5
1,148,550.55,677.77,16.27,0.0875,2468.3,26.0
1,149,546.12,673.41,15.8,0.0797,2459.4,25.5
1,150,548.55,678.06,15.77,0.0769,2421.9,25.0
1,151,548.35,673.69,15.72,0.0857,2432.0,24.5
1,152,555.66,679.48,16.08,0.0765,2466.0,24.0
1,153,549.45,678.62,16.8,0.0807,2476.0,23.5
1,154,549.39,678.4,16.57,0.0785,2490.2,23.0
1,155,552.42,677.06,16.24,0.0869,2467.4,22.5
1,156,548.06,676.82,15.99,0.082,2468.4,22.0
1,157,551.76,675.24,16.18,0.0859,2468.2,21.5
1,158,553.76,682.0,16.22,0.0828,2424.8,21.0
1,159,552.66,680.37,16.17,0.0772,2437.4,20.5
1,160,554.11,679.88,16.3,0.0841,2460.6,20.0
1,161,554.08,678.7,16.14,0.0821,2452.3,19.5
1,162,551.78,681.17,15.98,0.0911,2444.1,19.0
1,163,552.23,679.43,16.56,0.0862,2483.6,18.5
1,164,549.83,681.8,16.41,0.086,2485.3,18.0
1,165,551.97,685.48,16.84,0.0842,2456.1,17.5
1,166,556.11,686.24,16.0,0.0843,2460.4,17.0
1,167,550.71,678.99,15.87,0.083,2466.3,16.5
1,168,554.07,686.65,15.88,0.0921,2463.7,16.0
1,169,553.7,684.27,15.85,0.0895,2472.3,15.5
1,170,554.98,683.37,16.94,0.0848,2459.4,15.0
1,171,552.95,681.08,16.02,0.0943,2499.4,14.5
1,172,553.26,680.5,16.36,0.086,2484.7,14.0
1,173,555.01,678.7,16.69,0.0982,2460.7,13.5
1,174,554.02,684.36,16.34,0.0929,2514.2,13.0
1,175,554.65,681.36,15.84,0.0863,2474.3,12.5
1,176,558.79,682.45,16.33,0.0903,2499.8,12.0
1,177,560.45,682.66,16.12,0.096,2490.6,11.5
1,178,559.29,686.25,16.17,0.0942,2500.2,11.0
1,179,557.44,686.27,16.61,0.0974,2506.6,10.5
1,180,557.3,684.5,16.34,0.098,2463.7,10.0
1,181,556.94,684.07,16.32,0.0988,2484.8,9.5
1,182,556.49,681.42,16.54,0.096,2525.3,9.0
1,183,555.98,686.41,16.4,0.1011,2481.1,8.5
1,184,557.36,687.82,16.4,0.0914,2487.9,8.0
1,185,559.15,683.17,16.39,0.0905,2508.9,7.5
1,186,554.15,684.82,16.47,0.1022,2484.7,7.0
1,187,556.29,692.39,15.94,0.0838,2495.8,6.5
1,188,556.6,683.94,16.59,0.0964,2476.7,6.0
1,189,555.24,689.87,16.59,0.0951,2525.9,5.5
1,190,555.86,682.92,16.19,0.0958,2494.9,5.0
1,191,557.72,688.81,16.03,0.1036,2489.4,4.5
1,192,560.63,689.03,16.56,0.0996,2501.0,4.0
1,193,559.89,692.24,16.49,0.1007,2491.2,3.5
1,194,561.68,686.47,16.98,0.0974,2465.4,3.0
1,195,559.26,686.71,16.7,0.0947,2486.1,2.5
1,196,555.42,687.64,15.73,0.0905,2511.2,2.0
1,197,560.97,690.53,16.18,0.0986,2496.9,1.5
1,198,557.28,694.01,16.74,0.0981,2498.5,1.0
1,199,560.22,683.62,16.42,0.0962,2479.0,0.5
1,200,559.44,695.39,16.69,0.0971,2511.5,0.0
2,1,523.0,643.02,14.53,0.0172,2315.0,99.5
2,2,521.19,643.19,14.71,0.026,2291.3,99.0
2,3,523.23,641.34,15.15,0.0178,2337.7,98.5
2,4,521.2,639.05,14.39,0.02,2312.5,98.0
2,5,522.05,639.53,14.54,0.0327,2339.6,97.5
2,6,522.07,641.61,14.6,0.0255,2285.5,97.0
2,7,520.89,636.74,14.69,0.026,2297.3,96.5
2,8,524.75,638.32,14.14,0.0243,2328.9,96.0
2,9,525.17,640.87,14.91,0.0234,2305.5,95.5
2,10,523.77,644.46,14.13,0.0314,2337.6,95.0
2,11,520.95,643.94,14.76,0.0257,2300.0,94.5
2,12,521.06,642.92,14.97,0.0275,2304.6,94.0
2,13,524.14,634.7,14.97,0.0165,2305.8,93.5
2,14,520.56,639.62,14.99,0.0233,2320.9,93.0
2,15,522.91,645.18,14.67,0.0196,2334.9,92.5
2,16,522.21,639.33,14.53,0.0339,2333.0,92.0
2,17,522.7,643.2,14.57,0.0372,2324.6,91.5
2,18,524.46,647.59,14.75,0.0259,2314.1,91.0
2,19,523.66,644.64,14.91,0.0279,2333.7,90.5
2,20,523.84,645.24,14.1,0.0326,2326.9,90.0
2,21,526.2,636.56,15.34,0.0277,2343.2,89.5
2,22,522.32,647.34,14.4,0.0257,2360.3,89.0
2,23,524.22,646.4,14.99,0.0317,2326.0,88.5
2,24,525.53,653.21,14.72,0.0306,2345.0,88.0
2,25,527.21,649.81,14.94,0.0243,2357.7,87.5
2,26,522.91,647.41,14.53,0.0301,2332.6,87.0
2,27,526.04,648.02,15.25,0.0331,2322.1,86.5
2,28,527.53,650.57,14.41,0.0342,2342.0,86.0
2,29,525.2,651.38,14.74,0.0322,2325.5,85.5
2,30,526.03,644.21,14.37,0.04,2313.1,85.0
2,31,524.22,641.29,14.62,0.0258,2363.8,84.5
2,32,528.42,645.94,15.5,0.0377,2325.5,84.0
2,33,521.6,655.12,14.41,0.025,2353.5,83.5
2,34,531.68,652.65,15.01,0.0366,2351.1,83.0
2,35,528.52,649.59,14.88,0.0337,2319.9,82.5
2,36,526.64,643.92,14.83,0.0295,2313.9,82.0
2,37,527.76,653.43,15.15,0.0269,2317.2,81.5
2,38,529.48,646.55,14.81,0.038,2318.6,81.0
2,39,528.01,645.75,14.71,0.0372,2307.1,80.5
2,40,528.88,649.94,15.07,0.0371,2367.3,80.0
2,41,528.45,648.96,14.95,0.0391,2342.0,79.5
2,42,528.48,648.39,14.72,0.0298,2377.0,79.0
2,43,526.11,648.67,14.71,0.0417,2337.1,78.5
2,44,531.3,648.98,15.02,0.0334,2386.9,78.0
2,45,526.62,652.18,15.14,0.0401,2341.3,77.5
2,46,528.94,651.63,14.92,0.0432,2390.2,77.0
2,47,528.29,647.64,14.94,0.0517,2330.9,76.5
2,48,532.88,657.03,14.81,0.042,2380.6,76.0
2,49,529.04,651.64,14.82,0.0345,2336.0,75.5
2,50,527.55,652.6,14.77,0.0412,2318.9,75.0
2,51,530.86,655.25,14.41,0.0423,2375.6,74.5
2,52,527.98,658.02,15.15,0.0373,2350.9,74.0
2,53,531.72,653.48,15.19,0.0366,2356.4,73.5
2,54,527.97,653.17,14.77,0.0379,2378.7,73.0
2,55,533.18,655.58,14.72,0.0404,2379.3,72.5
2,56,531.48,660.96,15.18,0.0434,2349.8,72.0
2,57,531.67,653.79,15.28,0.0476,2341.3,71.5
2,58,528.94,648.99,15.23,0.0377,2314.9,71.0
2,59,532.58,662.23,15.09,0.0478,2360.6,70.5
2,60,531.8,657.76,15.01,0.0453,2366.4,70.0
2,61,530.86,658.23,15.06,0.0406,2371.7,69.5
2,62,530.6,655.58,15.12,0.0502,2371.5,69.0
2,63,532.55,658.2,15.55,0.048,2363.2,68.5
2,64,530.18,652.8,15.05,0.0426,2360.3,68.0
2,65,533.11,657.84,15.13,0.0484,2366.3,67.5
2,66,529.25,653.68,15.12,0.0404,2378.0,67.0
2,67,536.46,660.41,15.11,0.0543,2370.0,66.5
2,68,532.93,655.16,15.09,0.0453,2371.4,66.0
2,69,534.12,657.26,15.32,0.0536,2388.0,65.5
2,70,531.03,649.84,15.48,0.0412,2365.5,65.0
2,71,531.86,652.34,15.37,0.0522,2359.5,64.5
2,72,529.22,656.36,15.34,0.0414,2375.7,64.0
2,73,534.57,659.99,15.27,0.0443,2396.9,63.5
2,74,534.48,658.42,14.96,0.0474,2356.3,63.0
2,75,534.65,663.89,14.84,0.0419,2404.4,62.5
2,76,534.78,656.99,15.57,0.0474,2412.5,62.0
2,77,536.76,657.79,15.92,0.0478,2391.8,61.5
2,78,536.2,663.41,15.75,0.0514,2362.9,61.0
2,79,536.72,657.72,15.89,0.0523,2371.7,60.5
2,80,536.37,655.96,15.01,0.058,2366.9,60.0
2,81,534.11,661.86,15.67,0.056,2400.9,59.5
2,82,534.89,656.23,15.77,0.0512,2377.0,59.0
2,83,539.26,662.42,15.47,0.064,2370.1,58.5
2,84,538.66,661.17,15.42,0.0612,2394.2,58.0
2,85,538.08,664.47,15.24,0.0498,2364.1,57.5
2,86,533.27,667.67,15.03,0.0533,2380.5,57.0
2,87,538.01,664.2,15.63,0.0519,2383.7,56.5
2,88,538.17,661.25,15.86,0.0577,2402.7,56.0
2,89,539.13,665.77,15.44,0.0491,2397.0,55.5
2,90,536.7,660.91,15.58,0.0622,2390.4,55.0
2,91,538.82,667.86,15.48,0.0694,2402.3,54.5
2,92,534.88,665.26,15.53,0.0632,2405.5,54.0
2,93,538.32,659.58,15.37,0.0529,2381.4,53.5
2,94,539.98,668.51,15.56,0.0516,2402.9,53.0
2,95,541.39,661.92,15.41,0.0581,2379.3,52.5
2,96,540.5,663.64,15.59,0.054,2387.3,52.0
2,97,540.84,663.13,15.99,0.0568,2401.5,51.5
2,98,541.47,660.24,14.95,0.0516,2423.3,51.0
2,99,538.7,672.42,15.32,0.0605,2429.8,50.5
2,100,544.01,671.18,15.86,0.0651,2411.9,50.0
2,101,541.76,663.6,15.26,0.0604,2397.6,49.5
2,102,539.49,667.59,15.81,0.0612,2431.6,49.0
2,103,538.32,665.17,15.31,0.0519,2401.3,48.5
2,104,540.56,670.54,15.73,0.0565,2441.1,48.0
2,105,543.44,668.0,15.48,0.0572,2397.6,47.5
2,106,543.38,672.15,16.02,0.06,2383.6,47.0
2,107,541.68,661.44,15.67,0.0621,2397.7,46.5
2,108,538.41,668.54,15.42,0.0574,2350.6,46.0
2,109,541.74,672.57,16.09,0.0613,2397.0,45.5
2,110,542.94,664.5,15.69,0.0678,2434.5,45.0
2,111,542.0,667.14,15.35,0.0603,2406.5,44.5
2,112,543.13,670.74,15.38,0.0723,2406.6,44.0
2,113,542.56,666.01,14.9,0.0696,2427.7,43.5
2,114,542.24,668.7,15.79,0.0578,2403.4,43.0
2,115,544.59,664.99,15.74,0.0592,2424.3,42.5
2,116,543.13,664.15,16.01,0.0627,2399.8,42.0
2,117,543.8,672.7,15.37,0.0671,2425.6,41.5
2,118,544.99,670.03,15.57,0.0631,2419.7,41.0
2,119,541.66,660.99,15.82,0.0721,2371.7,40.5
2,120,541.98,671.86,16.32,0.0681,2405.4,40.0
2,121,543.83,674.37,15.52,0.0644,2411.3,39.5
2,122,542.49,670.87,16.21,0.0704,2417.0,39.0
2,123,544.02,666.06,15.99,0.0688,2419.4,38.5
2,124,551.19,671.9,15.51,0.0675,2447.0,38.0
2,125,545.23,666.94,16.03,0.0667,2462.5,37.5
2,126,547.36,670.16,16.14,0.0707,2443.1,37.0
2,127,546.37,669.21,15.58,0.0759,2420.3,36.5
2,128,544.79,669.13,15.91,0.0815,2406.6,36.0
2,129,545.85,676.49,15.77,0.0739,2407.8,35.5
2,130,546.86,671.94,16.1,0.0779,2481.8,35.0
2,131,547.36,673.73,15.87,0.0706,2437.8,34.5
2,132,545.81,673.51,16.22,0.0678,2454.8,34.0
2,133,549.23,672.9,15.19,0.0702,2458.9,33.5
2,134,546.75,670.5,15.69,0.0778,2444.9,33.0
2,135,546.52,672.65,15.73,0.0694,2467.3,32.5
2,136,546.56,677.65,16.32,0.0794,2427.4,32.0
2,137,548.21,674.18,15.6,0.0764,2413.4,31.5
2,138,549.98,673.11,15.94,0.0766,2432.8,31.0
2,139,548.97,673.33,16.15,0.0689,2441.5,30.5
2,140,551.88,672.0,15.7,0.0786,2443.6,30.0
2,141,548.9,676.72,16.1,0.0819,2449.2,29.5
2,142,547.92,677.52,16.49,0.0761,2422.5,29.0
2,143,550.81,675.39,15.28,0.0814,2432.3,28.5
2,144,548.62,677.0,16.0,0.0811,2435.3,28.0
2,145,550.03,675.47,16.17,0.0811,2426.3,27.5
2,146,551.37,674.89,16.2,0.0802,2482.8,27.0
2,147,548.95,675.7,15.96,0.0773,2463.0,26.5
2,148,546.37,673.84,15.66,0.084,2482.2,26.0
2,149,549.59,676.74,16.01,0.0854,2430.5,25.5
2,150,550.48,680.43,16.15,0.0809,2470.0,25.0
2,151,544.79,679.78,15.81,0.0712,2461.2,24.5
2,152,553.15,677.59,16.31,0.0889,2478.3,24.0
2,153,553.88,680.48,16.05,0.0732,2448.1,23.5
2,154,549.11,685.01,15.99,0.0822,2465.0,23.0
2,155,551.09,683.84,15.86,0.083,2440.2,22.5
2,156,548.56,677.16,16.05,0.0803,2442.2,22.0
2,157,548.59,679.0,15.62,0.0866,2458.6,21.5
2,158,548.68,678.57,15.85,0.0848,2484.8,21.0
2,159,548.05,680.1,16.04,0.087,2463.3,20.5
2,160,550.5,679.04,15.86,0.0894,2460.4,20.0
2,161,556.0,680.07,15.9,0.0768,2424.9,19.5
2,162,549.23,681.3,16.27,0.0769,2479.9,19.0
2,163,551.63,681.19,16.61,0.0897,2457.6,18.5
2,164,551.02,674.54,15.92,0.0845,2444.3,18.0
2,165,552.74,681.48,16.08,0.0827,2468.4,17.5
2,166,554.08,678.23,16.58,0.0859,2466.4,17.0
2,167,554.82,682.45,16.46,0.0882,2454.8,16.5
2,168,554.32,678.57,16.21,0.087,2463.8,16.0
2,169,553.54,676.6,16.03,0.0881,2472.2,15.5
2,170,551.94,686.3,15.94,0.0928,2478.5,15.0
2,171,552.91,688.08,15.85,0.093,2491.0,14.5
2,172,553.06,687.18,16.14,0.0902,2477.2,14.0
2,173,554.33,685.68,16.47,0.0805,2499.1,13.5
2,174,551.48,686.6,16.58,0.0841,2465.8,13.0
2,175,552.79,683.11,16.16,0.0939,2501.2,12.5
2,176,557.99,682.31,16.2,0.082,2459.9,12.0
2,177,557.33,689.1,15.9,0.0878,2476.5,11.5
2,178,556.16,682.07,16.41,0.0888,2477.7,11.0
2,179,556.89,684.77,16.16,0.0911,2477.2,10.5
2,180,555.26,684.22,16.78,0.0948,2474.1,10.0
2,181,557.59,684.25,16.66,0.0942,2478.9,9.5
2,182,557.3,680.79,15.98,0.0868,2484.9,9.0
2,183,560.07,692.44,16.52,0.0957,2447.0,8.5
2,184,555.71,683.64,16.15,0.0928,2474.6,8.0
2,185,553.04,688.49,16.03,0.0952,2526.5,7.5
2,186,555.36,678.91,16.27,0.0999,2525.2,7.0
2,187,554.94,688.24,16.23,0.0943,2539.9,6.5
2,188,554.59,687.76,16.52,0.1006,2490.0,6.0
2,189,558.42,686.08,16.47,0.0939,2501.4,5.5
2,190,557.26,688.63,16.39,0.1016,2489.0,5.0
2,191,554.65,691.54,16.14,0.0931,2479.1,4.5
2,192,561.15,681.59,17.36,0.1021,2496.5,4.0
2,193,558.49,689.11,16.59,0.1004,2504.1,3.5
2,194,558.98,687.91,16.39,0.0966,2516.7,3.0
2,195,560.19,679.93,16.65,0.099,2494.6,2.5
2,196,558.42,692.37,16.74,0.0945,2504.1,2.0
2,197,557.46,685.11,16.28,0.1031,2516.1,1.5
2,198,560.63,691.68,16.63,0.096,2506.6,1.0
2,199,561.4,692.01,16.85,0.1031,2506.0,0.5
2,200,562.14,689.92,16.24,0.0992,2485.1,0.0
3,1,518.85,639.82,14.27,0.0189,2263.1,99.5
3,2,520.83,640.5,14.27,0.0241,2320.8,99.0
3,3,517.38,638.46,14.3,0.0165,2319.6,98.5
3,4,520.41,640.21,13.94,0.0248,2279.2,98.0
3,5,521.12,642.08,14.96,0.0155,2244.6,97.5
3,6,521.57,646.9,14.93,0.0234,2296.2,97.0
3,7,523.01,638.83,14.71,0.0253,2328.2,96.5
3,8,527.12,643.18,14.43,0.0231,2272.6,96.0
3,9,520.41,641.02,14.43,0.0244,2292.6,95.5
3,10,524.24,642.5,14.6,0.0224,2313.1,95.0
3,11,523.85,640.15,14.41,0.0229,2284.1,94.5
3,12,520.76,641.57,14.88,0.0261,2315.9,94.0
3,13,524.3,642.84,14.75,0.0247,2318.3,93.5
3,14,521.63,636.18,14.6,0.0327,2332.5,93.0
3,15,524.93,647.46,14.68,0.027,2302.6,92.5
3,16,522.57,645.85,15.02,0.0257,2307.0,92.0
3,17,523.4,646.05,14.24,0.0153,2306.0,91.5
3,18,521.16,642.98,14.64,0.0249,2347.0,91.0
3,19,524.45,645.65,14.88,0.0219,2339.8,90.5
3,20,523.85,647.01,14.38,0.0202,2336.4,90.0
3,21,524.95,642.54,14.45,0.034,2297.2,89.5
3,22,527.69,642.8,14.91,0.0272,2334.1,89.0
3,23,523.51,645.26,14.74,0.0242,2337.8,88.5
3,24,523.77,645.31,14.44,0.0168,2320.2,88.0
3,25,529.83,648.6,14.74,0.0287,2325.4,87.5
3,26,526.29,642.96,15.09,0.034,2340.4,87.0
3,27,526.28,646.81,14.97,0.0338,2319.9,86.5
3,28,524.45,647.31,15.24,0.025,2298.6,86.0
3,29,526.13,647.4,14.84,0.0328,2324.5,85.5
3,30,528.98,642.7,14.55,0.0315,2297.1,85.0
3,31,525.85,652.73,14.82,0.0336,2305.8,84.5
3,32,525.17,646.87,14.72,0.0392,2343.2,84.0
3,33,524.38,648.99,14.98,0.0389,2364.6,83.5
3,34,524.77,646.07,14.46,0.0324,2343.3,83.0
3,35,528.97,648.52,14.75,0.0348,2318.3,82.5
3,36,531.38,644.18,14.92,0.0445,2336.1,82.0
3,37,527.02,648.18,14.82,0.0417,2292.8,81.5
3,38,530.67,645.23,14.8,0.0331,2349.8,81.0
3,39,524.6,651.14,15.5,0.0288,2342.8,80.5
3,40,526.68,651.28,14.91,0.0328,2349.8,80.0
3,41,531.81,649.68,15.13,0.0299,2321.9,79.5
3,42,529.34,654.95,15.03,0.0352,2342.0,79.0
3,43,526.1,652.56,15.19,0.0349,2333.6,78.5
3,44,529.33,649.69,14.92,0.0481,2339.1,78.0
3,45,528.28,649.31,15.17,0.0371,2332.0,77.5
3,46,531.84,655.76,14.78,0.0291,2366.2,77.0
3,47,528.03,654.12,14.38,0.0433,2322.8,76.5
3,48,531.06,652.04,14.69,0.0372,2361.7,76.0
3,49,530.01,654.0,15.58,0.0318,2381.3,75.5
3,50,530.21,649.8,14.6,0.0391,2368.4,75.0
3,51,529.94,657.28,14.57,0.0403,2326.0,74.5
3,52,531.13,655.66,14.89,0.0278,2356.0,74.0
3,53,531.47,654.46,15.4,0.0358,2366.6,73.5
3,54,533.19,648.16,15.14,0.0391,2352.4,73.0
3,55,531.7,652.29,14.85,0.0422,2333.3,72.5
3,56,529.03,656.04,14.72,0.0457,2365.3,72.0
3,57,527.95,652.22,15.43,0.0379,2347.7,71.5
3,58,532.52,656.85,15.0,0.0402,2386.4,71.0
3,59,535.28,657.69,15.12,0.0396,2342.4,70.5
3,60,533.05,656.26,15.52,0.0473,2329.9,70.0
3,61,534.3,652.26,14.99,0.0457,2400.9,69.5
3,62,538.62,657.32,15.07,0.0475,2379.8,69.0
3,63,531.96,661.14,15.2,0.0477,2376.3,68.5
3,64,533.64,658.52,14.95,0.0428,2342.0,68.0
3,65,533.88,658.59,15.29,0.0544,2364.9,67.5
3,66,534.54,653.22,15.04,0.0499,2383.0,67.0
3,67,532.81,656.54,14.71,0.045,2384.8,66.5
3,68,534.75,658.5,15.19,0.0472,2354.8,66.0
3,69,535.2,658.51,15.34,0.045,2325.9,65.5
3,70,536.19,656.06,14.94,0.0515,2362.2,65.0
3,71,536.32,659.6,15.42,0.0416,2395.2,64.5
3,72,534.92,656.89,15.26,0.0399,2380.2,64.0
3,73,532.54,654.19,14.77,0.0548,2360.4,63.5
3,74,537.87,656.89,14.73,0.044,2398.7,63.0
3,75,534.69,657.11,15.3,0.0525,2397.3,62.5
3,76,538.1,657.92,14.86,0.0483,2381.2,62.0
3,77,533.47,656.38,15.37,0.0506,2377.7,61.5
3,78,534.08,658.81,15.0,0.0557,2398.7,61.0
3,79,532.11,656.96,14.84,0.0483,2377.3,60.5
3,80,533.1,657.23,15.0,0.053,2381.4,60.0
3,81,534.76,660.78,15.15,0.051,2414.5,59.5
3,82,539.08,656.6,15.57,0.0569,2359.0,59.0
3,83,538.24,665.36,14.99,0.0486,2403.4,58.5
3,84,537.34,662.65,15.44,0.0556,2357.5,58.0
3,85,539.09,664.76,15.28,0.0538,2354.4,57.5
3,86,538.23,663.22,15.34,0.06,2379.3,57.0
3,87,538.53,658.69,15.36,0.0539,2391.5,56.5
3,88,536.86,661.61,15.63,0.053,2355.9,56.0
3,89,541.3,666.39,15.0,0.059,2378.9,55.5
3,90,538.53,663.38,15.33,0.0521,2376.2,55.0
3,91,536.37,660.25,15.39,0.0528,2404.6,54.5
3,92,541.37,661.26,15.49,0.0593,2401.4,54.0
3,93,538.75,665.48,15.57,0.051,2410.4,53.5
3,94,540.57,661.21,15.45,0.061,2389.8,53.0
3,95,541.15,670.84,15.21,0.0511,2401.1,52.5
3,96,540.64,663.31,15.9,0.0517,2409.9,52.0
3,97,538.19,669.41,16.07,0.055,2386.0,51.5
3,98,541.32,663.34,15.47,0.0593,2359.6,51.0
3,99,539.77,662.68,15.34,0.0668,2373.9,50.5
3,100,541.63,664.16,15.42,0.064,2406.8,50.0
3,101,541.34,668.15,15.41,0.0573,2379.3,49.5
3,102,538.75,674.35,15.89,0.054,2375.6,49.0
3,103,541.56,667.39,15.69,0.0599,2400.5,48.5
3,104,541.46,666.26,14.87,0.0605,2387.0,48.0
3,105,541.35,675.21,15.66,0.0604,2423.4,47.5
3,106,542.17,667.76,15.74,0.0727,2383.4,47.0
3,107,542.35,663.97,15.74,0.0582,2398.7,46.5
3,108,541.01,669.93,15.86,0.057,2409.1,46.0
3,109,540.38,663.47,15.52,0.0621,2457.5,45.5
3,110,542.87,663.37,15.43,0.0691,2451.8,45.0
3,111,539.03,662.11,16.17,0.0663,2393.6,44.5
3,112,543.47,660.09,15.62,0.0664,2430.5,44.0
3,113,540.57,668.51,15.35,0.0665,2395.1,43.5
3,114,541.98,665.51,15.84,0.0699,2409.3,43.0
3,115,543.08,664.4,15.56,0.0657,2467.4,42.5
3,116,540.98,673.39,15.96,0.0678,2451.2,42.0
3,117,544.14,670.42,15.65,0.0729,2438.9,41.5
3,118,542.35,665.54,15.62,0.0632,2416.7,41.0
3,119,546.27,668.38,15.68,0.0679,2436.0,40.5
3,120,539.51,668.18,15.76,0.074,2410.2,40.0
3,121,540.45,672.11,15.52,0.0625,2408.5,39.5
3,122,544.03,668.69,15.06,0.0733,2447.5,39.0
3,123,545.9,667.34,15.67,0.0692,2435.0,38.5
3,124,546.14,668.8,15.76,0.0719,2453.1,38.0
3,125,546.41,673.62,15.78,0.0771,2433.2,37.5
3,126,543.48,675.71,15.97,0.0682,2416.4,37.0
3,127,545.99,673.14,15.83,0.0724,2461.0,36.5
3,128,547.74,672.57,16.06,0.066,2436.0,36.0
3,129,549.42,671.6,15.54,0.0683,2407.2,35.5
3,130,544.43,671.39,15.38,0.0721,2448.0,35.0
3,131,544.38,677.31,15.96,0.0776,2417.8,34.5
3,132,548.11,669.72,16.09,0.0737,2443.1,34.0
3,133,544.25,670.56,16.01,0.0685,2442.3,33.5
3,134,544.07,676.04,15.47,0.0764,2446.5,33.0
3,135,545.61,675.5,15.93,0.0713,2414.8,32.5
3,136,543.27,675.05,15.39,0.0749,2430.7,32.0
3,137,548.76,673.34,15.77,0.0785,2443.7,31.5
3,138,548.23,675.91,15.42,0.079,2450.2,31.0
3,139,545.77,674.02,15.88,0.0749,2445.7,30.5
3,140,550.86,678.25,15.51,0.0791,2466.6,30.0
3,141,548.97,678.52,16.51,0.0815,2446.0,29.5
3,142,550.49,675.93,15.93,0.075,2473.3,29.0
3,143,546.96,680.35,16.08,0.0702,2450.4,28.5
3,144,544.6,677.88,16.21,0.0746,2446.5,28.0
3,145,552.91,674.73,15.63,0.0854,2484.3,27.5
3,146,549.21,679.53,16.36,0.0747,2436.3,27.0
3,147,551.86,681.81,16.14,0.0744,2486.7,26.5
3,148,548.54,675.99,16.08,0.087,2465.1,26.0
3,149,550.63,678.64,16.0,0.0824,2398.4,25.5
3,150,549.41,678.22,15.65,0.0819,2445.9,25.0
3,151,553.71,682.47,15.87,0.0796,2449.5,24.5
3,152,549.5,678.59,15.79,0.0751,2464.5,24.0
3,153,551.86,675.84,16.3,0.078,2458.1,23.5
3,154,552.44,678.4,16.18,0.079,2450.1,23.0
3,155,550.59,676.51,16.0,0.0743,2445.2,22.5
3,156,550.63,678.23,15.99,0.0821,2465.6,22.0
3,157,553.15,677.3,15.71,0.0776,2447.3,21.5
3,158,550.9,677.19,15.69,0.0809,2461.6,21.0
3,159,552.99,678.08,15.97,0.079,2458.4,20.5
3,160,550.3,681.72,15.56,0.0822,2466.0,20.0
3,161,552.57,688.33,16.21,0.0794,2459.1,19.5
3,162,548.85,680.26,15.87,0.0894,2451.0,19.0
3,163,552.37,678.84,16.65,0.0836,2499.7,18.5
3,164,554.43,682.45,16.25,0.0876,2425.4,18.0
3,165,552.44,683.79,16.14,0.079,2464.0,17.5
3,166,556.61,685.24,16.14,0.0912,2458.7,17.0
3,167,549.99,678.98,16.64,0.0854,2462.1,16.5
3,168,553.0,687.71,16.67,0.0983,2464.8,16.0
3,169,554.39,677.7,16.63,0.0818,2473.3,15.5
3,170,551.81,680.73,15.95,0.085,2459.2,15.0
3,171,553.1,685.25,15.88,0.0895,2495.4,14.5
3,172,553.37,680.85,16.15,0.0947,2475.9,14.0
3,173,553.54,684.7,15.9,0.0926,2481.2,13.5
3,174,554.18,680.98,15.97,0.0923,2498.6,13.0
3,175,553.73,685.13,15.62,0.0871,2474.4,12.5
3,176,553.38,681.19,16.06,0.0919,2472.3,12.0
3,177,550.92,677.89,16.09,0.0931,2422.0,11.5
3,178,554.6,682.92,16.7,0.0893,2485.7,11.0
3,179,556.08,678.36,16.52,0.0927,2489.2,10.5
3,180,563.85,678.75,16.82,0.0906,2485.7,10.0
3,181,556.11,683.98,16.14,0.094,2450.7,9.5
3,182,557.9,684.25,15.98,0.0905,2507.1,9.0
3,183,555.53,686.83,16.11,0.097,2496.7,8.5
3,184,560.5,685.47,16.54,0.0941,2509.9,8.0
3,185,555.56,688.49,16.29,0.0937,2486.8,7.5
3,186,557.7,686.15,16.42,0.1023,2505.7,7.0
3,187,559.14,685.38,16.1,0.0996,2504.5,6.5
3,188,560.55,685.19,16.31,0.087,2480.2,6.0
3,189,559.79,685.85,16.58,0.0946,2495.5,5.5
3,190,555.7,687.76,15.5,0.0951,2457.4,5.0
3,191,560.61,690.08,16.55,0.104,2472.0,4.5
3,192,561.89,690.8,16.35,0.1025,2469.9,4.0
3,193,556.95,686.42,16.27,0.0919,2517.5,3.5
3,194,558.28,689.56,16.27,0.0885,2499.4,3.0
3,195,555.18,688.54,16.04,0.1079,2513.2,2.5
3,196,559.41,692.79,16.21,0.1011,2500.0,2.0
3,197,559.93,693.07,16.69,0.1002,2463.9,1.5
3,198,557.68,689.13,16.51,0.0935,2546.2,1.0
3,199,562.83,691.56,16.51,0.0985,2480.0,0.5
3,200,560.15,690.77,16.13,0.1017,2496.9,0.0
4,1,516.38,637.67,14.39,0.0298,2312.1,99.5
4,2,517.73,641.96,14.06,0.0262,2292.6,99.0
4,3,520.41,644.73,14.14,0.0142,2291.3,98.5
4,4,522.88,636.44,13.69,0.0193,2315.0,98.0
4,5,523.4,639.86,14.43,0.0278,2267.6,97.5
4,6,520.42,642.07,14.69,0.0199,2306.7,97.0
4,7,516.42,639.78,14.71,0.0179,2308.2,96.5
4,8,522.49,640.97,14.63,0.0184,2303.9,96.0
4,9,523.02,642.72,14.41,0.0247,2323.3,95.5
4,10,517.9,645.98,14.5,0.0261,2333.9,95.0
4,11,519.46,640.62,14.52,0.0205,2345.7,94.5
4,12,520.69,641.33,14.68,0.0188,2304.1,94.0
4,13,523.23,642.25,14.6,0.0226,2282.7,93.5
4,14,523.44,648.76,14.65,0.0267,2327.9,93.0
4,15,520.46,648.86,14.71,0.0342,2300.3,92.5
4,16,526.84,646.33,14.83,0.0276,2311.0,92.0
4,17,525.8,644.67,14.08,0.0212,2313.3,91.5
4,18,524.22,644.33,15.05,0.0174,2320.9,91.0
4,19,520.16,647.03,14.66,0.0297,2301.7,90.5
4,20,526.56,648.13,14.88,0.0274,2331.6,90.0
4,21,522.79,647.82,15.2,0.0338,2306.4,89.5
4,22,525.12,641.62,14.89,0.0311,2284.6,89.0
4,23,522.28,644.9,14.64,0.0232,2330.8,88.5
4,24,525.3,645.42,14.51,0.0348,2357.1,88.0
4,25,524.03,644.41,14.9,0.0282,2322.2,87.5
4,26,526.68,640.77,15.16,0.0308,2317.8,87.0
4,27,525.22,646.64,14.25,0.0383,2327.8,86.5
4,28,526.49,649.85,14.47,0.0336,2322.6,86.0
4,29,527.49,640.87,14.76,0.0286,2337.6,85.5
4,30,526.94,645.38,14.59,0.0314,2312.1,85.0
4,31,527.88,646.64,13.94,0.0305,2310.2,84.5
4,32,523.14,644.29,14.85,0.0394,2338.3,84.0
4,33,525.39,649.62,14.69,0.0297,2309.9,83.5
4,34,523.3,647.33,14.89,0.0331,2325.7,83.0
4,35,525.11,650.57,14.45,0.0379,2315.0,82.5
4,36,525.7,644.6,14.71,0.0393,2346.3,82.0
4,37,529.36,650.82,14.54,0.0331,2321.4,81.5
4,38,530.26,645.91,15.15,0.0397,2374.6,81.0
4,39,526.98,651.89,15.57,0.0325,2308.3,80.5
4,40,524.24,652.14,14.34,0.0341,2348.7,80.0
4,41,528.57,651.53,14.98,0.0428,2322.0,79.5
4,42,527.05,648.18,15.17,0.0413,2351.0,79.0
4,43,530.97,647.22,15.43,0.0448,2357.7,78.5
4,44,532.36,646.03,14.78,0.0339,2358.4,78.0
4,45,526.9,653.52,15.36,0.0415,2350.7,77.5
4,46,527.22,648.96,15.33,0.0423,2345.2,77.0
4,47,528.56,645.67,14.65,0.0484,2321.4,76.5
4,48,529.98,655.02,14.6,0.0401,2366.8,76.0
4,49,529.82,660.86,14.49,0.0449,2345.5,75.5
4,50,531.54,653.82,14.78,0.0411,2312.8,75.0
4,51,531.41,653.64,15.2,0.0457,2358.4,74.5
4,52,530.7,650.36,14.81,0.0467,2380.7,74.0
4,53,530.12,653.39,14.76,0.0471,2366.3,73.5
4,54,534.68,650.87,14.93,0.0428,2366.9,73.0
4,55,530.57,651.13,15.31,0.0456,2336.7,72.5
4,56,533.91,657.51,15.1,0.0428,2367.1,72.0
4,57,529.68,654.34,14.42,0.0472,2325.8,71.5
4,58,534.61,653.51,15.02,0.0401,2352.2,71.0
4,59,534.64,647.29,15.47,0.0453,2334.9,70.5
4,60,529.85,660.03,14.82,0.0382,2382.7,70.0
4,61,532.88,652.44,15.17,0.0393,2383.0,69.5
4,62,534.52,657.1,15.23,0.0536,2362.0,69.0
4,63,530.24,657.1,15.76,0.0401,2355.8,68.5
4,64,533.63,655.84,14.85,0.0512,2410.4,68.0
4,65,533.39,653.54,14.69,0.0473,2387.1,67.5
4,66,534.15,656.49,14.98,0.0409,2382.7,67.0
4,67,535.23,652.11,15.65,0.0497,2395.0,66.5
4,68,530.92,652.9,15.14,0.0497,2403.9,66.0
4,69,535.21,656.52,14.88,0.0538,2349.7,65.5
4,70,537.26,656.65,15.68,0.0514,2367.3,65.0
4,71,533.16,656.73,15.34,0.0488,2359.1,64.5
4,72,534.07,658.24,14.58,0.0511,2352.4,64.0
4,73,532.29,653.19,14.69,0.0424,2358.8,63.5
4,74,538.71,656.92,15.29,0.0516,2376.6,63.0
4,75,534.85,655.16,15.69,0.059,2341.3,62.5
4,76,533.15,658.16,14.97,0.0529,2361.4,62.0
4,77,539.73,662.82,15.33,0.0559,2399.1,61.5
4,78,534.47,657.05,15.3,0.0555,2380.8,61.0
4,79,532.65,657.34,15.27,0.0512,2418.5,60.5
4,80,533.23,661.52,15.75,0.0634,2371.9,60.0
4,81,537.18,661.96,15.37,0.0519,2389.7,59.5
4,82,531.34,662.55,15.36,0.0517,2422.9,59.0
4,83,535.25,659.54,15.93,0.049,2372.0,58.5
4,84,536.51,663.52,15.4,0.0471,2373.4,58.0
4,85,535.79,661.02,15.48,0.0561,2349.5,57.5
4,86,539.33,662.26,15.78,0.0566,2408.0,57.0
4,87,538.33,665.79,15.53,0.0543,2432.4,56.5
4,88,539.38,663.72,15.0,0.0488,2393.9,56.0
4,89,538.09,660.41,15.43,0.0635,2402.9,55.5
4,90,535.72,662.17,15.16,0.0541,2381.7,55.0
4,91,537.24,658.98,15.37,0.0536,2332.4,54.5
4,92,542.51,666.27,15.31,0.0569,2368.6,54.0
4,93,541.99,668.94,15.48,0.0623,2396.5,53.5
4,94,536.13,662.26,15.48,0.0553,2389.6,53.0
4,95,538.82,663.51,15.47,0.0527,2380.7,52.5
4,96,536.63,666.93,14.83,0.0642,2423.7,52.0
4,97,538.8,656.44,15.36,0.0585,2376.8,51.5
4,98,538.57,669.09,15.68,0.0546,2366.0,51.0
4,99,539.15,664.11,15.64,0.0569,2409.2,50.5
4,100,543.87,667.45,15.49,0.0591,2392.9,50.0
4,101,542.56,663.37,15.52,0.0607,2391.0,49.5
4,102,537.66,666.47,15.5,0.0633,2391.3,49.0
4,103,543.04,663.12,16.04,0.0525,2411.7,48.5
4,104,541.75,663.61,15.67,0.068,2359.7,48.0
4,105,542.01,658.77,15.26,0.0701,2393.4,47.5
4,106,538.85,665.91,16.18,0.0532,2385.0,47.0
4,107,544.39,672.32,15.54,0.0566,2448.9,46.5
4,108,544.79,669.04,15.34,0.063,2404.8,46.0
4,109,542.46,671.6,15.85,0.0582,2436.5,45.5
4,110,542.63,669.56,16.04,0.0584,2409.3,45.0
4,111,541.14,663.05,15.71,0.077,2374.2,44.5
4,112,542.34,669.92,15.66,0.0642,2386.0,44.0
4,113,543.07,665.98,14.97,0.0712,2432.2,43.5
4,114,542.9,669.19,15.96,0.0667,2432.1,43.0
4,115,542.41,672.69,15.75,0.067,2389.6,42.5
4,116,543.77,666.5,15.47,0.0623,2394.7,42.0
4,117,547.65,673.24,16.25,0.0607,2418.4,41.5
4,118,541.01,667.41,15.4,0.0734,2410.1,41.0
4,119,545.94,671.56,16.38,0.0602,2444.2,40.5
4,120,546.29,667.08,16.0,0.0697,2415.5,40.0
4,121,542.55,668.09,16.32,0.0684,2436.6,39.5
4,122,542.82,668.16,16.04,0.0621,2413.7,39.0
4,123,544.67,671.08,15.68,0.0712,2436.9,38.5
4,124,546.27,668.04,15.65,0.0756,2441.9,38.0
4,125,542.25,672.3,15.16,0.0702,2463.0,37.5
4,126,543.3,669.0,15.99,0.0627,2413.3,37.0
4,127,546.59,669.85,15.7,0.0745,2435.4,36.5
4,128,546.13,670.98,15.89,0.0706,2437.2,36.0
4,129,544.81,671.7,15.49,0.0714,2412.8,35.5
4,130,543.77,673.28,15.86,0.0759,2421.4,35.0
4,131,547.02,674.4,15.94,0.0683,2434.0,34.5
4,132,547.13,673.02,15.19,0.0736,2476.3,34.0
4,133,545.88,671.07,15.94,0.0748,2456.9,33.5
4,134,544.28,675.69,16.02,0.0729,2440.8,33.0
4,135,549.06,676.37,15.51,0.0781,2433.7,32.5
4,136,547.35,674.22,15.81,0.0804,2434.3,32.0
4,137,545.16,673.07,15.92,0.0809,2449.1,31.5
4,138,545.9,681.96,15.96,0.0816,2435.0,31.0
4,139,548.87,677.27,16.26,0.0809,2456.4,30.5
4,140,547.37,673.28,16.0,0.0807,2435.5,30.0
4,141,550.33,679.61,15.64,0.0722,2438.2,29.5
4,142,549.02,673.93,16.33,0.0789,2442.8,29.0
4,143,545.73,671.8,16.01,0.0665,2463.3,28.5
4,144,548.48,685.73,16.63,0.0767,2441.9,28.0
4,145,550.99,681.36,15.46,0.0691,2432.6,27.5
4,146,550.37,677.99,16.28,0.0724,2399.7,27.0
4,147,551.12,674.27,15.36,0.0795,2462.9,26.5
4,148,549.36,675.63,15.93,0.0773,2421.0,26.0
4,149,548.37,678.81,16.09,0.0804,2429.1,25.5
4,150,549.64,670.97,16.05,0.0871,2420.5,25.0
4,151,549.03,678.74,16.39,0.0782,2437.2,24.5
4,152,546.46,678.31,16.63,0.0822,2451.6,24.0
4,153,551.24,678.22,15.79,0.0853,2457.5,23.5
4,154,550.84,675.57,16.43,0.0849,2442.9,23.0
4,155,553.0,677.26,15.82,0.0782,2419.6,22.5
4,156,552.14,673.51,15.69,0.072,2454.3,22.0
4,157,551.1,678.27,15.76,0.0769,2466.3,21.5
4,158,550.5,680.45,15.81,0.0841,2484.1,21.0
4,159,552.97,678.51,16.17,0.0824,2459.2,20.5
4,160,551.35,679.51,16.16,0.079,2439.7,20.0
4,161,549.42,675.45,15.74,0.0852,2443.1,19.5
4,162,553.43,680.6,15.53,0.0881,2478.2,19.0
4,163,550.61,682.01,15.87,0.0857,2437.7,18.5
4,164,549.21,679.85,16.1,0.0836,2440.3,18.0
4,165,552.2,682.06,16.14,0.0869,2451.6,17.5
4,166,555.54,677.97,16.31,0.0923,2475.6,17.0
4,167,552.99,680.17,16.48,0.0797,2447.6,16.5
4,168,552.8,685.71,16.29,0.0824,2461.8,16.0
4,169,552.57,680.12,16.48,0.0807,2501.2,15.5
4,170,555.66,685.77,16.06,0.0873,2441.3,15.0
4,171,553.15,684.23,16.6,0.0829,2463.7,14.5
4,172,554.1,678.81,16.4,0.0852,2468.1,14.0
4,173,553.7,680.88,16.23,0.0881,2465.6,13.5
4,174,553.34,684.46,16.74,0.0903,2493.9,13.0
4,175,552.22,684.22,15.92,0.0826,2460.2,12.5
4,176,557.58,686.85,16.33,0.0827,2472.1,12.0
4,177,556.0,684.78,15.72,0.0863,2475.7,11.5
4,178,556.67,677.91,16.23,0.0919,2495.0,11.0
4,179,557.19,686.5,16.05,0.0821,2471.1,10.5
4,180,558.0,689.18,16.51,0.0941,2487.6,10.0
4,181,555.09,684.86,16.81,0.0877,2513.3,9.5
4,182,555.76,689.48,15.9,0.0957,2467.3,9.0
4,183,553.77,686.41,16.63,0.089,2453.0,8.5
4,184,556.62,685.74,16.5,0.0983,2482.8,8.0
4,185,560.71,686.92,16.25,0.0859,2479.7,7.5
4,186,556.53,689.38,16.5,0.0885,2489.4,7.0
4,187,558.74,691.33,16.64,0.0986,2488.2,6.5
4,188,558.38,690.75,15.98,0.0935,2472.5,6.0
4,189,558.56,690.94,16.21,0.0836,2480.8,5.5
4,190,559.83,689.11,16.53,0.0946,2464.4,5.0
4,191,559.23,685.25,17.07,0.0993,2479.4,4.5
4,192,557.18,687.72,16.35,0.1024,2495.7,4.0
4,193,557.14,693.92,16.44,0.101,2480.8,3.5
4,194,559.53,689.43,15.87,0.1077,2519.8,3.0
4,195,558.21,685.44,16.55,0.0984,2502.1,2.5
4,196,559.58,690.52,16.89,0.1012,2475.0,2.0
4,197,562.13,694.17,17.42,0.0932,2501.9,1.5
4,198,555.44,691.16,16.32,0.1088,2482.5,1.0
4,199,556.42,688.34,15.9,0.1034,2457.7,0.5
4,200,560.06,683.77,16.4,0.1082,2507.2,0.0
